name,Mill City-NV,Eureka-NV,Wells-NV,Howe-ID,Jackpot-NV,Montello-NV,Owyhee-NV,Eugene-OR,Gresham-OR,Hillsbboro-OR,Bend-OR,Beaverton-OR,Medford-OR,John day-OR,Roseburg-OR,Baker city-OR,salem-OR,Newport-OR,Ashland-OR,Riley-OR,Seattle-WA,Spokane-WA,Tacoma-WA,Vancouver-WA,Bellevue-WA,Kent-WA,Leavenworth-WA,Yakima-WA,Richland-WA,Pullman-WA,WestWendover-NV,LosAngeles-CA,SanDiego-CA,SanJose-CA,SanFrancisco-CA,Fresno-CA,Sacramento-CA,Long Beach-CA,Redding-CA,Bakersfield-CA,Bishop-CA,Irvine-CA,Darwin-CA,Bayswater-CA,Arvin-CA,Albuquerque-NM,LasCruces-NM,RioRancho-NM,SantaFe-NM,Roswell-NM,SaltLakeCity-UT,WestValleyCity-UT,Provo-UT,WestJordan-UT,Sandy-UT,Orem-UT,Ogden-UT,Missoula-MT,GreatFalls-MT,Bozeman-MT,Butte-SilverBow-MT,Helena-MT,Kalispell-MT,Almosa-CO,cortez-CO,Grand Junction-CO,Pueblo-CO,Lamar-CO,Fort collins-CO,Aspen-CO,Telluride-CO,Montrose-CO,Prescott-AZ,Buckeye-AZ,Sedona-AZ,Tucson-AZ,Phoenix-AZ,Chinle-AZ,Kingman-AZ,Laramie-WY,Gillette-WY,RockSprings-WY,Sheridan-WY,GreenRiver-WY,Evanston-WY,Lander-WY,Rawlins-WY,Casper-WY,Cody-WY,Dubois-WY,JordanValley-OR,Rome-OR,Adrian-OR,Nyssa-OR,Owyhee-OR,Williston-ND,Dickinson-ND,Bowman-ND,Harrison-NE,Imperial-NE,Alliance-NE,Grant-NE,ElPaso-TX,Tribune-NV,SharonSprings-KS,Loeti-KS,Boise-ID,Meridian-ID,Nampa-ID,IdahoFalls-ID,Pocatello-ID,Caldwell-ID,Ketchum-ID,Chilly-ID,May-ID,Donnelly-ID,Buhl-ID,Kamaih-ID,Butte-ID
Mill City-NV,0,221,202,449,269,252,247,480,515,553,380,540,414,317,470,359,510,555,425,283,735,651,666,535,729,682,685,594,525,555,259,526,649,387,355,435,268,580,332,542,291,579,386,459,505,977,1174,966,1005,1173,382,377,425,389,397,420,416,625,833,671,678,745,739,907,727,662,1010,1096,833,789,745,721,740,779,765,897,787,810,593,771,912,566,933,548,463,659,671,792,820,649,204,171,271,277,275,1125,1128,1080,924,1031,967,1004,1215,267,1098,1139,286,276,269,475,430,264,399,471,534,371,322,489,435
Eureka-NV,221,0,164,411,231,214,209,642,677,715,542,702,543,479,632,473,672,717,530,445,848,765,828,697,843,846,799,707,638,669,198,515,654,492,460,540,373,569,436,505,279,583,375,564,494,820,1007,811,850,1018,318,313,320,325,333,327,353,748,794,632,640,707,853,753,572,508,858,955,770,634,590,567,573,612,598,730,620,612,426,708,848,502,870,484,399,596,607,728,757,611,366,333,383,395,387,1087,1089,1041,861,968,903,941,1048,76,957,998,348,356,356,436,391,372,360,432,495,445,284,603,397
Wells-NV,202,164,0,248,68,51,146,624,661,692,524,680,558,430,614,369,654,699,543,427,745,662,759,675,739,743,696,603,535,566,59,641,717,589,556,636,470,663,533,654,428,646,523,661,643,776,998,764,803,972,181,176,223,188,195,219,215,585,631,469,477,544,691,707,526,462,810,895,633,587,544,521,636,675,661,794,684,610,489,570,711,365,733,347,262,458,469,590,619,448,323,315,294,292,299,924,926,879,723,831,766,803,1042,233,897,938,245,253,261,274,228,269,197,269,333,341,121,500,234
Howe-ID,449,411,248,0,181,282,258,654,628,659,527,648,680,398,694,337,684,769,675,430,713,463,726,642,707,711,664,571,502,520,305,930,1006,835,803,884,717,952,732,954,669,935,764,907,943,849,1070,837,876,1044,253,259,296,263,269,292,218,268,363,260,208,276,422,779,599,534,781,867,604,660,617,593,863,964,798,1024,913,682,778,542,543,336,531,319,292,302,441,422,463,228,291,323,262,260,266,716,718,670,555,802,639,775,1115,480,869,910,212,220,229,69,91,236,107,69,132,309,147,397,17
Jackpot-NV,269,231,68,181,0,117,214,620,594,625,492,612,625,363,658,302,649,735,610,395,677,594,691,607,672,676,628,536,467,498,125,707,783,656,623,703,536,729,600,715,489,712,584,727,703,843,1064,831,869,1038,247,242,290,254,261,286,230,517,564,402,409,477,623,772,592,528,852,938,676,654,610,587,702,741,727,859,749,676,555,613,732,408,672,390,305,472,512,612,604,381,256,289,227,225,231,856,859,811,744,874,809,846,1108,300,940,981,177,185,194,207,161,202,130,202,265,274,54,432,166
Montello-NV,252,214,51,282,117,0,196,674,710,741,574,729,608,479,664,418,704,748,592,476,794,711,808,724,789,792,745,653,584,615,54,675,751,638,606,686,520,697,583,684,458,680,553,710,672,772,993,759,798,967,176,171,219,183,191,215,177,554,600,439,446,513,660,702,522,457,799,885,622,582,540,516,671,709,695,828,718,605,523,560,700,354,722,336,251,407,459,580,568,399,372,364,343,341,348,893,896,848,713,820,756,793,1037,283,887,928,294,302,310,243,197,318,246,318,382,390,171,549,268
Owyhee-NV,247,209,147,258,214,196,0,582,556,587,455,575,603,326,621,265,612,697,587,358,640,557,654,570,635,639,591,499,430,461,204,708,862,633,601,681,515,762,578,699,472,791,567,705,687,921,1143,910,949,1118,326,321,369,333,341,364,340,525,620,512,466,533,680,851,671,607,954,1041,777,733,689,666,781,820,806,938,828,755,634,715,856,510,782,492,407,582,615,736,714,490,187,220,175,187,179,966,969,921,869,975,912,948,1187,278,1043,1084,140,148,148,316,271,164,207,279,343,236,156,395,244
Eugene-OR,481,644,625,654,617,675,581,0,125,123,129,107,168,261,73,413,66,96,181,231,283,460,253,118,286,268,397,295,329,458,682,871,977,562,530,644,474,880,316,751,628,902,723,667,774,1377,1616,1365,1404,1572,780,787,824,791,797,820,746,657,821,858,774,769,697,1306,1126,1062,1368,1454,1191,1188,1144,1121,1115,1202,1140,1339,1229,1210,968,1128,1230,923,1129,905,820,987,1028,1128,1061,897,394,362,393,390,389,1236,1316,1268,1261,1389,1324,1362,1657,690,1456,1497,445,436,428,722,676,419,595,676,633,505,562,513,640
Gresham-OR,515,677,659,628,591,708,555,123,0,38,147,26,286,249,191,293,59,145,298,239,182,340,151,21,184,168,268,175,209,338,715,989,1095,679,648,761,592,998,434,869,745,1020,841,785,891,1351,1573,1339,1378,1547,755,761,798,765,771,794,720,536,701,738,654,649,577,1280,1100,1036,1342,1428,1165,1162,1118,1095,1208,1246,1232,1365,1255,1184,1061,1103,1110,897,1009,880,794,961,1002,1102,941,871,402,370,386,377,382,1115,1196,1148,1234,1363,1299,1336,1616,723,1429,1471,420,410,402,696,650,393,569,649,607,459,536,394,614
Hillsbboro-OR,553,715,692,661,624,741,588,124,38,0,190,10,287,294,192,325,60,107,299,277,194,373,163,29,196,179,308,207,241,370,748,989,1095,680,648,762,593,998,435,869,746,1020,841,786,892,1383,1605,1371,1410,1579,787,794,830,797,803,826,753,569,734,771,687,682,610,1313,1133,1069,1374,1460,1197,1194,1151,1128,1245,1320,1270,1457,1347,1216,1098,1135,1143,930,1042,912,826,994,1034,1134,974,903,479,407,418,410,415,1148,1229,1180,1267,1396,1331,1368,1649,761,1462,1503,452,443,435,728,683,426,601,682,640,492,568,426,646
Bend-OR,380,543,524,527,490,574,454,130,147,189,0,173,174,152,176,231,132,177,187,104,328,385,298,167,330,313,312,220,253,382,581,833,939,524,492,606,436,842,278,713,591,864,687,630,735,1249,1472,1238,1277,1446,654,661,697,664,669,693,619,581,746,783,699,694,621,1180,1000,935,1241,1327,1064,1061,1018,994,1073,1111,1098,1230,1120,1083,926,1002,1121,797,1054,779,694,861,901,1001,986,769,268,235,266,263,263,1160,1241,1193,1133,1262,1198,1235,1515,589,1329,1370,318,309,302,595,549,292,468,548,506,379,435,438,513
Beaverton-OR,539,702,678,648,610,728,575,108,25,11,174,0,271,281,175,312,44,130,282,263,181,359,150,16,183,166,295,194,228,357,735,973,1079,664,632,746,577,982,418,853,730,1004,825,770,875,1370,1592,1358,1397,1566,774,780,817,784,790,813,739,556,721,757,673,669,596,1300,1120,1056,1361,1447,1184,1181,1138,1114,1218,1303,1242,1441,1331,1203,1070,1122,1129,916,1028,899,813,980,1021,1121,961,890,466,394,405,397,402,1135,1215,1167,1254,1382,1318,1355,1636,748,1449,1490,439,430,422,715,670,413,588,669,626,479,555,413,633
Medford-OR,415,544,559,680,625,608,603,167,288,287,174,271,0,323,97,403,230,259,14,258,446,557,416,282,448,431,484,392,425,554,615,704,810,395,363,477,308,713,150,584,507,735,602,501,607,1316,1449,1321,1377,1513,738,733,780,745,753,776,772,753,918,944,871,866,794,1263,1083,1019,1366,1452,1189,1144,1101,1077,995,1034,1020,1172,1062,1164,848,1127,1267,922,1211,904,818,1015,1026,1147,1143,923,421,389,420,417,416,1332,1398,1350,1280,1388,1323,1360,1490,572,1454,1495,472,463,455,749,703,446,621,702,659,532,589,610,667
John day-OR,317,479,429,398,361,478,325,261,248,294,152,281,324,0,327,80,264,309,348,104,407,320,407,276,402,405,358,266,197,279,486,842,966,653,620,751,584,896,405,858,607,895,702,775,821,1120,1342,1108,1147,1316,525,531,567,535,540,563,490,517,681,661,605,629,556,1051,870,806,1111,1198,934,931,889,865,1010,1049,1034,1167,1057,954,863,872,992,667,928,649,564,731,772,871,861,640,205,172,137,133,133,1113,1115,1067,1004,1133,1069,1105,1386,525,1200,1241,189,180,173,466,420,163,339,419,377,247,305,332,384
Roseburg-OR,471,633,615,693,656,664,620,71,193,191,176,175,97,327,0,481,134,164,109,270,351,528,320,186,353,336,465,363,397,525,671,799,905,490,458,572,403,808,245,679,602,830,697,596,702,1411,1544,1416,1416,1609,794,789,836,801,808,832,785,725,889,926,841,837,764,1319,1139,1075,1407,1493,1230,1200,1157,1133,1090,1130,1115,1267,1157,1222,943,1168,1298,962,1197,944,859,1026,1067,1167,1129,936,433,401,432,429,428,1303,1383,1336,1300,1428,1364,1401,1586,667,1495,1536,484,476,467,761,715,458,634,715,672,544,601,581,679
Baker city-OR,359,472,368,337,300,417,264,413,294,325,231,312,403,80,481,0,349,435,428,183,378,295,391,307,372,376,329,236,168,241,425,884,1008,745,713,793,626,938,485,900,649,937,744,817,863,1060,1282,1048,1087,1256,464,471,507,474,480,503,430,389,554,601,544,502,531,990,810,745,1051,1137,874,871,828,804,1002,1041,1009,1159,1049,893,855,812,931,607,868,589,504,671,712,811,800,580,156,188,96,87,91,1052,1055,1007,944,1072,1008,1045,1326,542,1139,1180,128,120,112,405,359,102,278,359,317,169,245,253,323
salem-OR,510,672,654,685,648,704,612,67,62,60,133,44,230,264,134,350,0,81,241,235,220,397,189,55,222,205,334,232,266,394,712,932,1038,623,591,705,536,941,377,812,689,963,784,729,835,1407,1629,1395,1434,1603,812,818,854,821,827,850,777,594,757,795,710,706,633,1338,1157,1093,1398,1484,1221,1218,1175,1151,1177,1262,1202,1400,1290,1241,1029,1159,1167,954,1066,936,851,1018,1059,1158,998,927,398,365,443,434,438,1172,1252,1205,1291,1419,1356,1392,1673,718,1487,1528,476,467,459,753,707,450,625,706,664,516,592,450,671
Newport-OR,555,717,699,771,734,749,698,96,148,107,177,130,259,309,164,435,81,0,271,279,305,482,275,141,308,291,420,317,351,480,756,961,1067,653,620,735,565,971,407,841,718,992,813,758,864,1493,1706,1481,1520,1689,897,903,940,907,913,936,862,679,844,880,796,792,719,1423,1242,1179,1484,1570,1307,1304,1261,1238,1206,1292,1231,1430,1320,1326,1059,1245,1252,1040,1152,1022,936,1104,1144,1244,1084,1013,443,410,441,438,438,1258,1338,1290,1377,1505,1441,1478,1748,763,1572,1613,562,553,545,838,793,536,711,792,749,602,678,536,756
Ashland-OR,399,531,543,675,610,593,588,179,300,299,186,282,14,349,109,428,241,271,0,252,458,569,428,294,461,443,496,404,438,567,600,691,797,382,350,464,295,700,136,571,494,722,589,488,594,1303,1436,1308,1364,1500,723,718,766,730,737,761,757,766,930,938,883,878,806,1248,1068,1003,1351,1437,1174,1129,1086,1062,982,1021,1006,1159,1049,1151,835,1112,1252,907,1205,889,803,1000,1011,1132,1138,917,415,383,414,410,410,1390,1392,1344,1265,1372,1308,1345,1477,559,1439,1480,466,457,449,743,697,440,616,696,654,526,582,612,661
Riley-OR,276,438,420,423,387,470,351,236,243,281,109,269,263,97,276,176,239,284,257,0,425,417,395,264,427,410,408,317,294,376,477,801,925,561,529,641,474,855,315,748,566,854,661,664,769,1146,1368,1134,1173,1342,550,556,593,560,566,589,515,495,661,687,631,699,653,1076,895,831,1137,1223,960,957,914,890,969,1008,993,1126,1016,979,822,898,1017,692,954,675,589,756,797,897,885,666,164,131,163,159,158,1138,1141,1093,1029,1158,1094,1131,1411,484,1225,1266,215,205,198,491,446,189,364,445,402,275,331,360,409
Seattle-WA,725,838,734,703,666,783,630,283,182,193,328,181,446,397,351,368,220,305,458,420,0,279,34,166,11,22,118,143,202,285,790,1149,1255,839,808,921,753,1158,594,1029,905,1180,1001,946,1051,1426,1648,1414,1453,1622,830,836,873,840,846,869,795,476,640,677,593,588,516,1356,1175,1111,1417,1503,1240,1237,1193,1170,1368,1407,1375,1525,1415,1259,1221,1178,1049,972,948,955,869,1036,1077,1095,880,946,522,554,461,453,457,1054,1135,1087,1228,1438,1311,1411,1691,908,1505,1546,495,486,477,771,725,469,644,725,666,484,611,376,689
Spokane-WA,657,771,667,512,599,716,563,461,342,373,386,361,558,320,529,300,397,483,571,424,279,0,292,356,274,277,193,204,145,75,723,1182,1306,908,875,990,820,1226,662,1097,947,1236,1042,1013,1119,1317,1539,1305,1344,1513,721,728,764,731,737,760,687,198,363,400,315,310,238,1324,1067,1002,1203,1290,1038,1128,1085,1061,1300,1339,1266,1458,1348,1150,1153,963,772,759,671,787,761,766,864,818,603,669,454,487,394,385,390,777,857,810,950,1161,1034,1134,1583,840,1292,1333,427,418,410,510,559,401,478,431,389,274,543,166,529
Tacoma-WA,666,828,748,717,680,797,644,253,151,163,298,151,416,410,321,381,189,275,428,390,34,292,0,135,37,20,149,156,216,299,804,1118,1224,810,777,892,722,1128,564,998,875,1149,971,915,1021,1439,1661,1427,1466,1635,843,850,887,853,859,882,808,489,654,690,606,602,529,1369,1189,1125,1430,1516,1254,1250,1207,1184,1382,1420,1388,1539,1429,1272,1234,1191,1062,986,962,968,883,1050,1090,1108,893,959,535,521,474,466,471,1068,1148,1100,1241,1452,1324,1424,1705,874,1518,1559,508,499,491,785,739,482,658,738,679,497,625,389,702
Vancouver-WA,535,697,674,643,606,723,570,118,20,28,166,16,281,276,186,307,55,140,294,259,166,355,135,0,168,151,280,189,223,353,730,984,1090,675,643,757,587,993,430,864,741,1015,836,780,887,1365,1587,1353,1392,1561,769,776,813,779,785,808,735,551,716,753,669,664,592,1295,1115,1051,1356,1442,1180,1176,1133,1110,1227,1315,1252,1384,1274,1198,1080,1117,1125,912,1024,894,809,976,1016,1116,956,885,461,389,400,392,397,1130,1211,1162,1249,1378,1313,1351,1631,743,1444,1485,434,425,417,711,665,408,584,664,621,474,551,408,628
Bellevue-WA,719,833,728,697,661,777,625,286,184,196,331,184,449,391,354,363,222,308,461,423,10,274,37,169,0,20,110,137,197,279,785,1151,1258,843,810,925,756,1161,597,1032,908,1183,1004,949,1054,1420,1642,1408,1447,1616,825,831,867,835,840,863,790,470,635,671,587,582,510,1350,1170,1106,1411,1497,1234,1231,1188,1164,1362,1401,1369,1519,1410,1254,1215,1172,1044,967,943,949,864,1031,1072,1089,874,941,516,549,456,447,451,1049,1129,1082,1222,1433,1306,1405,1686,902,1499,1541,489,480,472,766,720,463,638,719,661,478,605,370,684
Kent-WA,681,836,732,701,664,781,628,268,166,178,313,166,431,395,336,366,205,290,443,405,20,277,19,151,18,0,133,141,200,283,789,1134,1240,825,793,907,738,1143,579,1014,890,1165,986,931,1036,1424,1646,1412,1451,1619,828,835,871,838,844,867,794,474,638,675,591,586,514,1354,1174,1109,1415,1501,1238,1235,1192,1168,1366,1405,1373,1523,1413,1257,1219,1176,1047,971,946,952,867,1034,1075,1093,878,944,520,552,459,450,455,1052,1133,1085,1226,1436,1310,1409,1690,906,1503,1544,492,484,476,769,723,466,642,723,664,482,609,374,687
Leavenworth-WA,676,790,685,654,618,735,582,397,268,307,312,295,484,348,465,320,334,420,497,404,135,194,148,280,110,133,0,94,143,221,742,1143,1249,834,802,916,746,1152,589,1023,966,1174,1061,940,1046,1377,1599,1365,1405,1573,782,788,825,792,797,820,747,390,554,591,507,502,430,1307,1127,1062,1369,1454,1192,1188,1145,1121,1320,1359,1326,1477,1367,1210,1172,1129,964,924,862,906,821,957,1029,1009,794,860,473,505,413,404,408,969,1049,1001,1142,1353,1226,1326,1643,859,1456,1498,446,437,429,701,677,420,595,623,580,420,563,312,641
Yakima-WA,583,697,592,561,525,641,489,294,175,206,218,194,390,255,362,227,230,316,404,311,143,202,156,189,137,141,94,0,78,190,649,1049,1156,741,708,823,654,1059,495,930,873,1081,968,847,952,1284,1506,1272,1311,1480,689,695,731,699,704,727,654,399,563,600,516,511,439,1214,1034,970,1275,1361,1098,1095,1052,1028,1226,1265,1233,1383,1274,1117,1079,1036,972,831,871,813,728,895,936,1018,803,804,380,412,320,311,315,977,1058,1010,1151,1297,1234,1269,1550,766,1363,1405,353,344,336,630,584,327,502,583,541,393,469,276,548
Richland-WA,525,639,535,504,467,584,431,329,210,241,253,229,425,197,397,168,265,351,439,300,203,145,217,223,197,201,143,77,0,143,591,1050,1174,776,743,857,689,1094,530,965,815,1103,910,882,987,1226,1448,1214,1253,1422,630,637,674,640,646,669,595,341,506,543,459,454,382,1156,976,912,1218,1303,1041,1037,994,971,1169,1207,1175,1326,1216,1059,1021,978,915,773,814,755,670,837,877,961,746,746,322,354,261,253,258,920,1001,953,1093,1239,1174,1211,1492,708,1305,1346,295,286,278,572,526,269,445,525,482,310,412,203,490
Pullman-WA,555,645,541,568,473,590,437,459,340,371,383,358,555,280,526,241,395,481,568,383,286,75,299,353,280,284,220,190,142,0,597,1080,1204,905,873,989,823,1134,659,1097,845,1133,940,1013,1059,1233,1454,1221,1260,1428,636,643,680,647,653,676,602,254,418,455,371,366,294,1162,982,918,1259,1345,1093,1044,1000,977,1175,1214,1182,1332,1222,1066,1028,1019,828,779,726,761,676,821,884,873,658,725,352,384,294,283,290,833,913,866,1006,1217,1090,1190,1498,715,1347,1388,295,296,308,565,532,299,406,434,445,201,418,94,496
WestWendover-NV,260,197,59,305,125,54,204,681,718,749,582,736,615,487,671,427,712,756,600,484,802,719,815,731,797,800,753,661,592,622,0,621,698,646,614,694,527,644,591,630,404,627,499,718,618,718,941,707,746,915,123,118,166,130,138,161,158,608,654,492,500,567,713,648,468,404,751,838,574,530,486,463,617,656,642,774,664,552,470,512,653,307,675,289,204,400,412,533,561,475,381,372,351,349,355,947,946,871,666,773,708,745,984,258,839,880,302,310,318,297,251,326,254,327,390,398,178,556,291
LosAngeles-CA,525,514,641,930,707,675,707,869,991,989,833,973,704,841,800,884,932,961,691,774,1148,1175,1118,984,1151,1134,1143,1051,1049,1079,622,0,187,353,395,233,398,90,558,124,235,112,212,233,113,779,794,784,839,976,680,679,636,670,668,644,716,1202,1248,1087,1093,1161,1308,915,721,766,1111,1168,1067,892,798,825,413,379,482,517,407,626,310,1062,1203,857,1224,839,754,950,961,1082,1111,1025,728,695,795,801,799,1541,1495,1421,1215,1213,1258,1212,835,456,1215,1256,810,800,793,891,841,788,836,966,1029,896,760,1013,916
SanDiego-CA,644,648,711,1000,777,746,848,975,1097,1095,939,1079,810,960,907,1002,1038,1068,797,892,1255,1294,1224,1090,1257,1240,1249,1157,1167,1198,692,187,0,460,502,339,504,113,665,232,354,86,331,339,223,771,682,776,832,865,750,749,707,740,738,714,786,1272,1318,1157,1164,1231,1378,931,753,836,1103,1160,1138,962,829,895,372,320,460,406,355,657,381,1133,1273,927,1295,909,824,1021,1032,1152,1182,1095,847,814,914,920,918,1611,1565,1491,1285,1283,1328,1282,724,592,1248,1250,954,962,912,961,912,907,907,1036,1100,1050,830,1132,986
SanJose-CA,390,495,591,838,658,641,636,563,685,683,526,667,398,654,494,748,626,656,385,558,842,910,812,678,844,828,837,744,778,907,648,353,459,0,49,150,123,363,253,241,362,384,445,174,256,1044,1098,1050,1106,1242,771,766,813,777,785,808,805,1013,1221,1059,1066,1134,1146,1182,988,1033,1377,1434,1222,1158,1064,1091,723,684,748,821,712,892,576,1159,1300,954,1322,936,851,1048,1059,1180,1208,1038,592,560,660,666,664,1514,1516,1468,1313,1420,1356,1393,1140,522,1487,1528,674,665,657,864,818,653,787,859,923,760,711,878,824
SanFrancisco-CA,355,461,556,803,623,606,601,528,650,648,492,632,363,620,459,713,592,621,350,523,808,875,777,643,810,793,802,710,744,872,613,395,502,49,0,187,88,405,218,284,365,427,487,210,298,1087,1140,1092,1148,1285,736,731,779,743,751,774,770,979,1187,1025,1032,1100,1111,1223,1030,1016,1364,1450,1187,1143,1099,1075,766,726,790,864,754,934,618,1125,1265,920,1287,902,816,1013,1025,1146,1174,1003,558,525,625,631,629,1479,1482,1434,1278,1385,1321,1358,1182,487,1452,1493,640,630,623,830,784,618,753,825,888,726,676,843,789
Fresno-CA,435,540,636,883,703,686,681,645,767,765,608,749,480,751,576,793,708,738,467,635,925,992,894,760,927,910,919,826,861,989,693,232,338,150,187,0,170,241,335,109,335,263,312,26,130,912,977,917,973,1110,813,813,769,803,802,777,849,1058,1266,1105,1111,1179,1229,1049,855,900,1244,1301,1201,1025,931,959,590,563,615,700,590,759,443,1195,1336,990,1358,972,887,1084,1095,1216,1244,1084,638,605,705,711,709,1559,1562,1554,1349,1346,1392,1346,1018,556,1348,1390,719,710,702,909,863,698,832,905,968,805,756,923,869
Sacramento-CA,269,374,470,717,537,520,515,473,595,593,436,577,308,585,404,626,536,566,295,469,753,820,722,588,755,738,747,654,689,817,527,398,504,120,88,171,0,407,163,278,281,429,376,195,301,1081,1143,1086,1142,1279,649,644,692,657,664,688,684,892,1100,938,946,1013,1056,1175,995,930,1278,1364,1101,1056,1013,989,760,729,785,866,756,929,613,1039,1179,833,1201,816,730,927,938,1059,1088,917,471,439,539,544,543,1393,1395,1347,1192,1299,1234,1272,1185,401,1365,1407,553,544,536,743,697,531,666,738,802,639,590,757,703
Long Beach-CA,580,569,662,951,728,697,761,879,1000,999,843,983,714,897,810,938,942,971,701,828,1158,1226,1128,994,1161,1144,1152,1061,1094,1134,644,90,113,363,405,242,408,0,568,135,290,31,267,242,127,800,767,805,861,949,702,701,658,692,689,665,737,1223,1270,1108,1115,1182,1329,936,743,788,1133,1189,1089,913,819,846,387,353,485,490,380,648,331,1084,1224,878,1246,861,775,972,983,1104,1133,1046,783,750,850,856,854,1562,1517,1442,1237,1234,1280,1234,808,510,1236,1277,864,856,848,912,863,843,857,988,1051,951,782,1068,938
Redding-CA,332,438,534,733,600,584,579,315,437,435,279,419,150,407,246,486,378,408,137,310,594,662,564,430,597,580,589,497,530,659,590,558,664,250,217,331,162,567,0,438,400,589,495,355,461,1241,1303,1246,1302,1439,713,708,756,720,728,751,748,858,1023,1002,940,971,898,1239,1058,994,1341,1428,1164,1120,1076,1052,920,889,944,1026,916,1089,773,1102,1242,897,1265,879,794,990,1002,1123,1151,981,473,441,472,469,468,1457,1459,1411,1256,1363,1298,1336,1344,465,1429,1470,524,515,507,807,761,498,674,754,712,584,654,669,719
Bakersfield-CA,542,506,649,954,715,684,698,753,874,872,716,856,587,858,683,900,815,845,574,743,1032,1099,1002,867,1034,1017,1026,934,968,1097,631,125,232,241,284,110,277,135,442,0,227,157,204,109,22,803,871,808,864,1001,705,704,661,695,693,668,741,1226,1273,1111,1118,1186,1333,940,746,791,1136,1192,1092,916,823,849,482,456,507,594,484,651,335,1087,1227,882,1249,864,778,975,986,1107,1136,1049,745,712,812,818,816,1565,1520,1446,1240,1238,1283,1237,912,447,1239,1281,826,818,810,916,866,805,844,991,1054,913,769,1030,941
Bishop-CA,291,279,423,669,489,458,472,626,748,746,591,730,507,607,602,649,689,718,494,539,905,941,875,741,908,891,975,883,814,844,404,235,359,368,365,336,280,290,400,227,0,289,96,336,215,841,954,846,902,1039,525,520,525,532,540,532,559,1006,1052,890,898,965,1112,935,741,713,1064,1160,977,839,796,772,520,540,544,678,568,689,373,915,1055,709,1077,691,606,803,813,934,964,877,494,461,561,567,565,1345,1347,1273,1067,1175,1110,1147,996,221,1162,1203,575,566,558,695,649,554,618,690,754,661,542,779,655
Irvine-CA,580,584,647,936,713,681,784,900,1022,1020,864,1004,735,896,831,938,963,993,722,828,1180,1230,1149,1015,1182,1165,1174,1082,1103,1134,628,111,86,384,427,264,429,31,590,156,289,0,266,264,148,784,745,790,846,928,686,685,642,676,674,649,721,1208,1254,1092,1100,1167,1313,921,728,772,1117,1174,1074,898,803,831,365,331,463,469,359,632,316,1068,1208,862,1231,845,759,956,967,1088,1117,1031,782,750,850,856,854,1547,1501,1427,1221,1219,1264,1218,787,527,1221,1262,890,898,847,897,848,843,842,972,1036,986,766,1068,922
Darwin-CA,386,374,518,764,584,553,567,721,843,841,686,825,602,702,697,744,784,814,589,634,1000,1036,971,836,1003,986,1070,978,909,939,500,212,315,444,486,313,375,267,495,204,96,245,0,313,192,766,878,771,827,964,630,630,586,620,618,594,666,1101,1147,985,993,1061,1207,889,696,717,1067,1163,1018,842,772,775,445,495,469,602,492,613,297,1012,1152,807,1175,789,703,900,912,1033,1061,975,589,556,656,662,660,1440,1446,1371,1165,1163,1208,1162,920,316,1165,1206,670,661,653,790,744,649,713,785,849,756,638,874,750
Bayswater-CA,459,564,660,907,727,710,705,669,790,789,633,772,504,775,600,816,732,761,491,659,948,1016,918,784,951,934,943,850,884,1013,717,232,339,174,210,25,194,242,358,109,336,264,313,0,131,912,977,917,973,1110,814,813,770,803,802,777,849,1082,1290,1128,1135,1203,1252,1049,856,900,1245,1301,1202,1026,931,959,591,563,615,701,591,760,444,1196,1336,990,1358,973,887,1084,1095,1216,1245,1158,661,629,729,735,733,1583,1585,1554,1349,1346,1392,1346,1019,556,1349,1390,743,734,726,933,887,721,856,928,992,829,780,947,893
Arvin-CA,505,494,638,943,703,672,686,772,893,892,735,875,607,821,703,863,835,864,594,764,1051,1119,1021,887,1054,1036,1046,953,987,1059,619,113,223,256,299,131,300,127,461,22,215,148,192,131,0,791,862,797,853,989,693,692,649,683,681,656,729,1215,1261,1099,1107,1174,1321,928,735,779,1124,1180,1080,905,811,838,470,448,495,585,476,639,323,1075,1215,870,1238,852,767,963,974,1095,1124,1038,708,676,776,781,779,1554,1508,1434,1228,1226,1271,1225,903,435,1228,1269,790,780,772,904,854,768,833,979,1043,875,757,993,929
Albuquerque-NM,977,820,776,848,843,771,921,1377,1351,1382,1250,1370,1315,1121,1411,1060,1406,1492,1302,1152,1436,1317,1449,1365,1430,1434,1387,1294,1225,1256,719,779,772,1043,1085,912,1080,801,1244,803,841,784,766,912,791,0,223,18,64,201,599,598,554,589,587,562,635,1120,1217,1005,1012,1080,1226,204,251,382,336,393,512,466,322,322,417,457,351,452,419,230,469,577,790,654,871,669,672,800,677,723,938,874,1014,1046,985,982,989,1128,1041,967,698,608,646,610,266,838,481,482,935,943,952,810,760,959,889,885,948,1031,833,1190,835
LasCruces-NM,1174,1007,998,1070,1064,993,1144,1614,1573,1605,1472,1592,1449,1342,1545,1282,1629,1707,1436,1375,1657,1539,1671,1587,1652,1655,1608,1516,1447,1478,941,794,682,1098,1141,978,1143,767,1304,871,954,746,879,978,862,223,0,238,286,185,821,820,777,810,808,784,856,1342,1385,1227,1234,1301,1448,425,474,603,504,544,679,687,549,543,488,428,504,279,389,430,582,744,957,951,1038,966,894,967,844,890,1105,1041,1236,1269,1206,1205,1211,1295,1208,1134,865,747,813,777,47,951,620,611,1157,1165,1174,1031,982,1182,1110,1107,1170,1254,1055,1412,1057
RioRancho-NM,966,811,764,836,830,759,910,1365,1339,1370,1238,1358,1320,1109,1416,1048,1395,1480,1306,1141,1423,1305,1437,1353,1418,1422,1374,1282,1213,1244,707,784,777,1048,1090,917,1085,806,1249,808,846,789,771,917,796,13,238,0,57,214,587,586,543,577,575,550,623,1108,1155,993,1000,1067,1214,196,240,370,329,386,504,458,310,310,422,462,356,467,424,235,474,571,783,647,863,619,660,792,669,716,931,867,1002,1034,973,971,977,1120,1034,959,690,600,639,602,282,843,474,476,923,931,939,797,748,948,877,873,936,1020,821,1178,823
SantaFe-NM,1004,849,803,875,869,798,948,1405,1378,1410,1277,1397,1375,1147,1416,1087,1434,1519,1362,1180,1462,1344,1476,1392,1457,1460,1413,1321,1252,1283,746,839,833,1104,1146,973,1141,862,1305,864,902,844,827,973,852,64,286,57,0,192,626,625,582,615,613,589,661,1147,1161,1085,1039,1107,1253,140,278,384,281,337,456,402,322,325,477,518,412,514,480,291,530,522,735,591,815,607,699,640,517,667,882,714,1041,1074,1011,1010,1016,1072,985,911,642,552,590,553,329,898,425,427,962,971,979,836,787,987,915,912,975,1059,860,1217,862
Roswell-NM,1173,1018,972,1044,1038,967,1117,1573,1547,1578,1446,1565,1513,1316,1608,1256,1602,1688,1500,1349,1631,1513,1644,1560,1626,1629,1582,1490,1421,1451,915,976,872,1241,1283,1110,1278,956,1442,1000,1039,935,964,1110,989,201,184,214,192,0,794,794,751,784,782,757,830,1316,1273,1197,1280,1293,1422,332,447,576,392,400,567,594,517,517,614,617,549,468,577,428,667,633,846,839,926,854,939,855,732,779,993,930,1210,1242,1180,1178,1184,1183,1097,1022,753,603,702,629,206,1035,476,467,1131,1139,1147,1005,956,1155,1084,1080,1144,1227,1028,1385,1030
SaltLakeCity-UT,382,318,181,253,247,176,326,782,756,787,654,774,738,525,793,464,811,897,722,557,839,721,853,769,834,838,790,699,630,660,123,679,756,768,736,813,649,702,713,704,525,685,630,813,692,599,820,587,626,795,0,12,46,14,18,41,39,525,571,409,417,484,630,528,348,284,631,718,454,410,366,343,613,714,548,774,663,431,528,392,533,187,554,169,84,281,292,413,441,355,418,451,389,387,393,864,826,751,546,653,589,625,864,379,720,761,340,348,356,214,164,364,292,289,353,436,237,594,239
WestValleyCity-UT,377,313,176,261,242,171,321,790,764,795,662,782,733,533,789,472,819,905,717,565,848,730,861,777,842,846,798,707,638,668,118,679,754,763,731,812,644,701,708,703,520,684,628,812,691,597,820,585,625,794,11,0,45,9,17,40,47,533,579,417,425,492,638,528,347,283,636,721,459,408,366,341,612,713,547,772,662,431,527,396,537,191,559,173,88,284,295,417,445,359,427,459,397,395,401,872,830,755,549,657,592,630,863,374,723,764,348,356,364,222,173,372,300,297,361,444,245,602,247
Provo-UT,424,320,223,295,289,218,368,824,798,829,697,817,780,567,835,507,853,939,764,600,882,764,895,812,877,880,833,741,672,703,166,636,712,810,778,770,692,659,755,661,525,642,586,770,649,555,777,543,582,751,45,45,0,35,33,6,81,567,613,452,459,526,673,486,305,241,591,687,471,366,323,299,570,671,504,730,620,389,484,408,549,203,571,186,100,297,308,429,458,371,461,493,431,430,435,887,841,767,562,669,605,641,821,379,689,731,382,390,399,256,207,406,335,331,395,478,279,637,281
WestJordan-UT,386,322,184,264,251,180,330,793,767,798,666,786,741,536,797,476,822,908,726,569,851,733,864,780,846,849,802,710,641,672,127,670,746,772,739,803,653,692,717,694,529,676,620,803,683,589,811,577,617,785,14,9,36,0,9,32,50,536,582,421,428,495,642,519,339,274,625,723,459,400,357,333,603,705,538,764,654,422,518,397,538,192,560,174,89,286,297,418,446,360,430,463,400,399,404,875,831,756,551,658,594,630,855,383,725,766,351,359,368,225,176,375,304,300,364,447,249,606,250
Sandy-UT,394,330,192,269,259,188,338,798,772,803,671,791,749,541,805,481,828,913,734,574,856,738,870,786,851,854,807,715,646,677,135,668,744,780,748,802,661,690,725,692,537,674,618,802,680,587,809,575,614,783,20,18,34,9,0,30,55,541,587,426,433,500,647,517,336,272,623,719,456,398,355,331,602,702,536,762,651,420,517,394,535,189,556,171,86,282,294,415,443,357,435,467,405,404,410,872,827,753,548,654,590,627,853,390,721,762,356,364,372,230,181,381,309,305,369,453,254,611,255
Orem-UT,419,327,218,291,284,214,363,819,793,824,692,812,775,563,830,502,848,934,759,595,877,759,890,807,872,875,828,736,667,698,161,643,719,805,773,777,687,666,750,667,532,649,593,777,656,562,784,550,589,758,40,40,7,30,28,0,76,562,608,447,454,522,668,492,312,248,598,694,468,373,330,306,577,677,512,737,626,395,492,406,546,201,569,183,97,294,305,427,455,369,456,489,427,425,430,884,839,765,559,667,602,639,828,386,696,738,377,385,394,251,202,401,330,327,390,473,275,632,276
Ogden-UT,415,351,214,218,231,177,340,747,721,752,620,739,771,490,785,430,776,862,756,522,805,687,818,735,799,803,756,664,595,625,156,715,792,801,769,849,682,738,746,740,558,721,666,849,728,635,856,623,662,831,39,45,82,49,54,78,0,490,536,374,382,449,596,564,384,320,626,712,449,446,402,379,649,750,584,810,699,467,564,387,527,181,549,164,78,275,286,407,436,349,384,416,354,352,358,829,820,745,540,647,582,620,900,412,713,755,305,313,322,179,130,329,258,254,318,401,202,559,204
Missoula-MT,625,747,584,268,517,553,525,658,538,569,582,558,754,517,725,389,594,679,767,502,476,198,489,552,470,474,389,400,341,254,607,1201,1277,1010,979,1058,892,1223,859,1225,1005,1206,1100,1082,1213,1120,1342,1108,1147,1316,524,530,567,534,540,563,489,0,166,202,118,114,117,1127,869,805,1007,1092,840,931,888,864,1134,1235,1069,1295,1184,953,1049,766,574,561,474,590,563,569,667,620,405,471,421,454,363,352,359,580,661,612,753,964,837,937,1385,816,1094,1136,364,366,377,312,362,368,317,235,192,271,415,152,284
GreatFalls-MT,833,794,631,363,564,600,620,822,703,734,746,722,918,682,890,554,758,844,932,667,640,363,654,717,635,638,554,564,506,419,654,1248,1324,1218,1187,1267,1100,1270,1023,1272,1052,1254,1147,1290,1261,1217,1384,1155,1161,1273,571,577,614,581,587,610,536,166,0,186,156,91,227,1003,916,853,882,968,716,885,935,911,1182,1282,1116,1342,1231,1000,1096,641,450,540,349,552,610,480,610,496,317,451,653,685,624,621,628,417,448,443,629,839,712,812,1405,863,970,1011,574,582,590,359,409,599,469,392,350,436,509,317,379
Bozeman-MT,671,633,470,261,402,440,512,859,740,771,784,759,944,662,927,601,795,881,939,694,677,399,690,754,672,676,591,602,543,456,492,1087,1163,1057,1025,1105,939,1110,1002,1111,891,1092,987,1129,1100,1006,1228,994,1084,1196,410,417,453,420,426,449,376,203,186,0,86,99,309,926,756,691,805,891,639,658,774,750,1020,1121,955,1181,1070,839,935,564,373,392,272,404,449,368,465,419,204,302,555,588,526,524,530,456,459,411,552,762,635,735,1328,702,893,934,477,485,493,197,248,501,367,329,279,472,374,354,277
Butte-SilverBow-MT,678,640,477,208,409,446,466,775,656,687,699,674,871,605,843,544,711,797,882,638,593,315,606,669,587,591,507,517,458,371,499,1093,1169,1064,1032,1112,945,1116,939,1118,898,1099,993,1136,1107,1012,1234,1000,1039,1280,417,423,459,427,432,455,382,118,156,86,0,69,224,1010,762,698,890,975,723,823,780,757,1027,1128,962,1188,1077,846,942,649,458,454,357,482,456,452,550,504,289,364,499,531,469,467,473,541,544,495,636,848,720,820,1278,709,977,1019,420,428,436,205,254,444,315,237,195,388,354,269,225
Helena-MT,745,707,544,275,476,513,533,770,651,682,694,669,866,629,838,502,706,792,880,705,588,310,602,664,582,586,502,512,454,366,566,1161,1237,1131,1099,1179,1013,1183,971,1185,965,1166,1060,1203,1174,1080,1301,1067,1182,1293,484,490,527,494,499,523,449,114,91,99,68,0,194,1023,830,765,903,989,736,719,848,824,1094,1195,1029,1255,1144,913,1009,662,471,453,370,465,523,465,563,517,302,363,566,599,536,535,540,507,517,469,649,861,733,833,1345,776,990,1032,487,495,504,272,322,511,382,295,253,384,422,265,292
Kalispell-MT,743,853,690,421,622,659,679,697,578,609,621,597,794,557,765,537,633,719,807,660,515,238,529,592,510,513,429,440,381,294,712,1306,1383,1144,1112,1226,1057,1329,898,1331,1111,1312,1206,1250,1320,1226,1447,1214,1253,1421,630,636,673,640,646,669,595,122,227,291,224,193,0,1216,975,911,1095,1181,929,1037,993,970,1240,1341,1175,1401,1290,1059,1155,855,663,667,563,696,669,658,773,709,494,577,540,572,482,471,478,564,667,671,842,1053,926,1026,1492,922,1183,1224,483,484,496,418,468,487,435,353,311,389,568,271,438
Almosa-CO,908,753,707,779,772,702,852,1308,1282,1313,1180,1300,1263,1051,1319,990,1337,1423,1248,1083,1365,1247,1379,1295,1360,1364,1316,1224,1156,1186,649,915,933,1180,1222,1048,1126,937,1189,939,958,920,889,1048,928,202,423,195,140,333,529,528,485,519,517,492,564,1051,1003,926,1011,1024,1156,0,194,246,122,202,297,263,252,187,553,618,487,653,580,299,606,363,576,451,656,466,551,500,376,508,636,574,944,977,915,913,919,913,827,753,483,443,481,443,467,812,289,290,866,874,882,739,690,890,818,815,879,962,763,1120,765
cortez-CO,727,572,526,598,592,521,671,1127,1101,1132,1000,1120,1082,871,1138,810,1156,1242,1067,902,1185,1067,1198,1115,1179,1184,1136,1044,975,1005,468,721,748,987,1029,855,945,744,1008,746,741,727,696,855,734,251,473,240,279,448,348,348,304,338,336,312,384,870,916,754,762,829,976,194,0,227,315,395,441,270,77,135,359,428,294,461,409,140,412,520,735,440,757,441,422,554,494,615,755,629,764,796,735,732,738,1073,971,897,628,587,626,586,517,631,482,484,685,693,702,559,510,709,638,635,698,781,582,939,584
Grand Junction-CO,663,508,462,534,528,457,607,1063,1037,1068,936,1056,1018,807,1074,746,1092,1178,1003,838,1121,1003,1134,1051,1115,1120,1072,980,911,941,405,766,843,1031,968,900,881,789,944,791,713,772,717,900,779,382,603,370,384,578,284,284,240,274,272,248,320,806,853,690,698,765,912,247,202,0,353,449,304,128,127,61,531,600,466,691,581,312,615,295,510,261,532,251,291,394,269,390,530,468,700,732,671,668,674,848,803,728,490,449,488,448,646,567,451,492,621,629,638,495,446,645,574,571,634,717,518,875,520
Pueblo-CO,1008,859,807,782,853,802,952,1369,1343,1374,1242,1362,1363,1113,1408,1052,1398,1484,1348,1144,1428,1203,1441,1357,1422,1426,1378,1286,1217,1260,749,1111,1104,1376,1362,1244,1275,1133,1339,1135,1065,1116,1067,1244,1124,336,504,329,280,392,631,636,592,625,623,599,626,1007,882,805,890,903,1113,122,315,284,0,120,176,309,289,225,749,789,684,786,751,420,802,242,455,449,535,464,549,464,341,388,603,539,1006,1038,977,974,980,792,706,631,363,322,361,322,525,918,188,189,927,935,944,705,694,951,880,818,882,1023,825,1158,768
Lamar-CO,1093,955,892,867,939,887,1038,1455,1429,1460,1328,1447,1449,1198,1493,1138,1484,1570,1434,1230,1513,1289,1526,1442,1507,1511,1464,1372,1303,1346,835,1167,1161,1433,1447,1301,1360,1190,1424,1192,1161,1173,1163,1301,1180,393,544,386,336,400,717,721,687,723,720,694,712,1092,968,891,975,989,1198,202,395,449,120,0,262,404,408,343,805,846,740,843,808,501,859,328,541,535,621,549,635,550,427,474,689,625,1092,1124,1062,1060,1066,808,699,639,376,230,325,237,565,1014,104,96,1013,1021,1029,791,779,1037,966,904,967,1109,910,1244,854
Fort collins-CO,830,767,630,605,676,625,774,1192,1166,1197,1065,1185,1186,936,1231,875,1221,1307,1170,967,1250,1038,1264,1180,1244,1249,1201,1109,1040,1093,572,1067,1143,1216,1184,1201,1098,1090,1161,1092,974,1073,1017,1201,1080,511,678,504,454,567,454,459,472,460,457,469,449,841,716,640,724,737,947,297,441,304,176,262,0,258,422,357,831,901,766,961,882,612,916,65,289,271,369,287,372,287,164,222,436,362,829,861,799,797,803,626,540,466,197,189,194,189,700,828,264,305,750,758,766,528,516,774,703,641,705,846,648,992,591
Aspen-CO,789,634,587,660,654,582,733,1188,1162,1193,1061,1182,1144,932,1200,871,1218,1303,1129,964,1247,1128,1260,1176,1241,1245,1198,1105,1036,1067,530,892,968,1157,1093,1026,1007,915,1070,916,839,897,842,1026,905,465,685,458,402,595,410,409,366,400,398,373,446,931,885,658,823,719,1038,263,271,128,307,404,259,0,201,136,656,726,591,817,707,437,740,250,538,268,538,282,367,400,276,397,536,475,825,857,796,794,800,875,789,714,445,404,443,404,730,693,406,447,746,754,763,621,571,771,700,696,759,843,644,1001,646
Telluride-CO,745,590,544,617,610,540,689,1145,1119,1150,1018,1138,1101,889,1156,828,1174,1260,1085,921,1203,1085,1216,1133,1198,1202,1154,1062,993,1024,487,797,823,1062,1050,931,963,820,1027,821,796,803,798,931,810,322,549,310,322,518,366,366,323,356,354,330,402,888,934,773,780,848,994,252,77,126,289,407,422,201,0,66,436,505,370,538,486,216,489,413,628,380,651,376,440,512,387,508,649,587,782,814,753,751,756,966,921,847,608,567,607,567,593,649,466,477,703,711,720,577,528,727,656,653,716,799,600,958,602
Montrose-CO,721,567,520,593,587,516,666,1121,1096,1126,994,1115,1077,865,1133,804,1151,1236,1062,897,1180,1061,1193,1110,1174,1178,1131,1038,969,1000,463,825,901,1090,1026,959,939,848,1003,849,772,831,776,959,838,322,543,310,324,518,343,342,299,333,331,307,379,864,911,749,756,824,971,187,135,61,224,342,357,135,66,0,494,564,429,596,544,275,548,348,563,314,585,310,350,447,322,443,583,521,758,791,729,727,733,901,856,781,543,502,541,501,586,626,401,412,679,687,696,554,504,703,633,629,692,776,577,934,579
Prescott-AZ,740,573,636,864,702,670,772,1113,1208,1245,1073,1217,993,1010,1089,1003,1176,1205,980,975,1378,1295,1392,1228,1373,1377,1329,1238,1169,1199,617,413,372,722,764,591,759,387,923,481,520,365,445,590,470,417,488,422,478,615,614,613,570,604,602,577,650,1136,1182,1020,1028,1095,1242,554,360,531,749,806,833,657,436,495,0,120,68,212,101,264,148,824,1039,791,1061,773,687,884,798,918,1045,959,897,864,928,926,932,1377,1331,1257,1018,977,1016,977,530,517,894,896,879,887,895,825,776,903,831,900,964,975,755,1133,850
Buckeye-AZ,783,616,679,968,745,713,815,1200,1251,1320,1116,1303,1034,1053,1131,1046,1263,1292,1021,1019,1422,1339,1435,1315,1416,1420,1373,1280,1211,1242,660,379,320,684,726,563,729,353,889,456,539,331,516,563,448,456,427,461,517,610,718,717,674,708,706,682,754,1239,1286,1125,1131,1199,1346,617,438,609,789,846,910,735,514,573,129,0,145,151,41,343,191,902,1116,895,1139,877,792,988,875,997,1149,1062,939,907,971,969,975,1454,1410,1335,1097,1056,1095,1055,469,559,934,935,921,930,938,929,879,946,874,1004,1067,1018,798,1177,954
Sedona-AZ,766,598,661,798,727,695,798,1139,1233,1332,1098,1242,1019,1036,1115,1010,1202,1231,1006,1001,1385,1267,1398,1315,1379,1383,1336,1244,1175,1205,643,482,455,748,790,616,784,479,949,507,545,458,471,616,495,351,504,356,412,549,548,548,504,538,536,512,584,1070,1116,954,962,1029,1176,488,294,465,684,740,767,591,371,429,67,136,0,228,117,199,174,758,973,725,995,707,621,818,732,853,979,893,922,889,934,932,938,1311,1265,1191,952,912,951,911,546,541,828,830,885,893,902,759,710,909,838,835,898,981,780,1139,784
Tucson-AZ,898,731,794,1025,860,828,930,1338,1365,1458,1231,1442,1173,1168,1269,1161,1401,1431,1160,1134,1537,1493,1550,1386,1531,1535,1488,1395,1326,1357,775,518,407,823,865,702,867,491,1028,595,677,469,603,702,586,453,279,468,515,463,775,774,731,764,762,738,810,1297,1342,1181,1188,1256,1402,654,461,692,787,843,962,817,538,596,212,152,228,0,112,340,306,1028,1241,951,1221,934,848,1045,958,1079,1206,1119,1054,1022,1086,1084,1090,1578,1492,1418,1148,1058,1097,1060,321,674,931,933,1036,1044,1053,985,936,1061,989,1061,1125,1133,913,1291,1011
Phoenix-AZ,786,619,682,913,748,716,818,1226,1254,1346,1119,1330,1061,1056,1157,1049,1289,1319,1048,1022,1425,1381,1438,1274,1419,1423,1376,1283,1215,1245,663,406,355,711,753,590,755,379,916,483,566,358,491,590,474,420,389,425,481,571,663,662,619,653,651,626,699,1185,1231,1069,1077,1144,1290,581,409,580,753,809,881,705,486,544,100,40,117,112,0,294,194,872,1088,839,1110,822,736,933,846,967,1094,1008,943,910,974,972,978,1426,1380,1306,1067,1024,1066,1026,430,563,897,898,925,933,941,874,825,949,877,949,1013,1021,801,1179,899
Chinle-AZ,810,612,610,682,676,605,754,1211,1185,1216,1084,1203,1160,954,1222,893,1240,1325,1147,986,1269,1150,1282,1198,1263,1267,1220,1127,1058,1089,552,623,650,889,931,757,925,646,1090,648,687,629,612,757,636,230,430,235,291,428,432,431,388,422,420,395,467,954,1000,838,845,913,1059,299,140,311,420,500,612,436,216,275,262,331,197,340,293,0,315,603,818,523,841,524,505,638,577,699,839,713,847,880,818,816,822,1156,1111,1037,798,757,797,757,474,622,587,589,768,776,785,643,593,793,721,718,782,864,666,1023,667
Kingman-AZ,593,426,489,777,554,523,625,966,1061,1098,926,1070,846,863,942,856,1029,1059,833,828,1231,1148,1245,1080,1226,1230,1182,1090,1021,1052,470,310,386,575,617,444,612,333,776,335,372,315,298,443,323,469,581,474,530,667,528,527,484,518,516,491,564,1049,1096,934,941,1009,1156,605,412,614,802,858,915,739,489,547,148,187,173,305,195,317,0,910,1050,705,1072,687,601,798,809,930,959,872,749,717,781,779,785,1388,1343,1269,1063,1061,1106,1060,623,369,946,948,731,739,748,739,689,756,684,814,877,828,608,986,764
Laramie-WY,766,702,565,540,612,560,710,1128,1102,1133,1000,1120,1121,871,1166,810,1157,1242,1107,903,1186,963,1199,1115,1180,1184,1137,1044,975,1020,507,1061,1138,1152,1120,1195,1033,1084,1097,1086,909,1067,1011,1195,1074,577,744,570,521,633,390,395,407,395,392,405,385,766,642,565,649,662,872,363,520,295,242,328,65,250,414,349,823,893,758,1027,874,604,910,0,251,207,295,222,307,223,100,153,356,297,764,797,735,733,739,589,510,435,186,263,199,236,766,763,330,371,685,694,702,464,452,710,639,577,640,782,583,918,526
Gillette-WY,908,844,707,633,733,702,842,1231,1112,1143,1121,1131,1264,992,1299,931,1167,1253,1248,1024,1049,771,1062,1126,1044,1048,963,974,915,828,649,1203,1280,1294,1262,1337,1175,1226,1239,1228,1051,1209,1154,1337,1216,791,958,784,735,847,532,536,549,538,535,547,526,575,450,374,458,471,680,577,735,510,456,542,290,538,628,563,1038,1107,972,1241,1088,818,1052,252,0,349,103,364,449,268,241,127,237,315,885,918,856,854,860,340,294,219,189,417,253,389,979,905,544,585,807,815,823,489,571,831,640,602,651,844,704,726,552
RockSprings-WY,563,499,361,336,408,356,507,924,898,929,797,916,918,667,962,607,953,1039,903,700,982,759,995,912,977,980,933,841,772,802,304,857,934,948,916,992,830,880,893,882,705,863,808,992,871,654,950,646,591,839,186,191,204,192,189,201,181,562,540,392,454,453,668,451,440,261,448,534,271,268,379,314,792,892,726,952,841,524,706,209,349,0,371,19,104,117,108,229,278,192,561,593,531,529,535,687,642,567,362,469,405,441,971,559,536,577,482,490,499,259,248,506,435,373,436,578,379,736,323
Sheridan-WY,930,866,728,531,676,724,789,1130,1011,1043,1055,1030,1211,929,1198,868,1067,1152,1206,961,948,671,962,1025,943,947,862,872,814,727,671,1225,1301,1316,1283,1359,1197,1247,1261,1249,1073,1231,1175,1359,1238,870,1038,863,813,926,553,558,571,559,556,569,548,474,350,272,357,370,580,656,756,531,535,621,369,538,650,584,1059,1129,994,1320,1110,840,1074,294,103,371,0,386,471,238,263,149,149,286,822,855,793,791,797,373,376,322,282,493,365,466,1059,927,623,664,744,752,760,471,522,768,638,600,551,744,648,625,549
GreenRiver-WY,544,481,343,319,390,339,489,907,880,912,779,899,900,649,945,589,936,1021,885,682,964,787,978,894,959,962,915,823,754,785,286,840,916,931,898,974,812,862,875,864,688,846,790,974,853,669,966,662,606,854,169,173,186,174,171,184,163,590,552,404,482,465,697,467,441,251,463,549,286,282,376,310,774,874,708,934,823,525,689,224,364,19,386,0,86,130,123,245,291,204,543,576,513,512,518,702,657,582,377,484,420,457,987,542,551,592,464,472,481,280,230,489,417,355,418,561,362,719,305
Evanston-WY,459,395,258,292,305,253,404,821,795,826,694,813,815,564,859,504,850,936,800,596,879,761,892,808,873,877,830,738,669,699,200,754,831,845,813,888,726,777,790,779,602,760,705,888,767,674,895,662,701,869,83,87,100,89,86,98,78,564,610,448,456,523,669,552,423,291,548,635,371,368,441,350,688,789,623,849,738,507,603,309,449,104,472,86,0,197,209,330,358,272,458,490,428,426,432,787,743,668,463,570,505,542,939,456,636,677,379,387,395,253,204,403,332,328,392,475,276,633,278
Lander-WY,656,592,455,302,472,406,582,988,962,993,861,981,1011,731,1027,671,1018,1103,996,764,1046,767,1060,976,1041,1044,958,905,836,823,397,951,1028,1042,1010,1085,923,974,987,975,799,957,902,1085,964,702,966,694,639,854,280,284,297,286,282,295,274,570,481,369,453,466,676,499,554,393,464,549,287,400,512,446,885,985,820,1046,935,638,800,225,268,117,238,130,197,0,125,147,164,75,625,658,595,594,600,585,560,486,280,485,364,458,987,653,551,593,546,554,563,249,311,570,400,361,425,642,444,721,311
Rawlins-WY,667,603,466,441,512,461,611,1028,1003,1033,901,1021,1023,772,1067,711,1057,1143,1007,804,1087,864,1100,1016,1081,1085,1038,945,876,907,408,962,1038,1053,1021,1096,934,985,998,987,810,968,912,1096,975,578,843,571,516,731,291,295,308,297,293,305,286,667,610,467,551,564,773,376,494,268,341,427,164,276,387,322,797,866,731,957,846,577,810,101,241,108,264,123,209,125,0,122,262,200,665,698,636,634,640,579,535,460,254,362,297,335,864,664,428,470,586,594,603,364,353,610,540,477,541,682,484,841,427
Casper-WY,785,721,584,423,609,579,718,1125,1099,1130,998,1118,1140,869,1164,808,1154,1240,1125,900,1095,817,1108,1113,1090,1093,1009,1020,961,874,526,1080,1156,1170,1139,1214,1052,1103,1116,1105,928,1085,1030,1213,1093,723,890,715,666,779,408,413,426,414,411,423,404,621,496,420,504,517,726,508,612,386,387,474,222,394,505,440,915,984,849,1172,964,695,928,150,127,226,149,241,326,148,118,0,217,195,762,794,733,730,736,465,420,345,134,345,218,318,911,782,476,517,683,691,700,369,448,707,520,482,546,779,581,772,431
Gillette-WY,908,844,707,633,733,702,842,1231,1112,1143,1121,1131,1264,992,1299,931,1167,1253,1248,1024,1049,771,1062,1126,1044,1048,963,974,915,828,649,1203,1280,1294,1262,1337,1175,1226,1239,1228,1051,1209,1154,1337,1216,791,958,784,735,847,532,536,549,538,535,547,526,575,450,374,458,471,680,577,735,510,456,542,290,538,628,563,1038,1107,972,1241,1088,818,1052,252,0,349,103,364,449,268,241,127,237,315,885,918,856,854,860,340,294,219,189,417,253,389,979,905,544,585,807,815,823,489,571,831,640,602,651,844,704,726,552
Cody-WY,816,753,616,464,608,567,721,1062,943,974,987,962,1144,861,1130,800,998,1084,1138,893,880,602,893,957,875,879,794,805,746,659,558,1112,1188,1203,1170,1246,1084,1134,1147,1136,960,1118,1062,1246,1125,938,1105,930,881,993,441,445,458,446,443,456,435,406,317,205,289,302,512,636,755,530,602,689,436,537,648,583,1046,1146,980,1206,1096,838,961,356,238,278,148,291,358,164,262,216,0,212,754,787,725,723,729,420,423,375,349,560,433,533,1126,814,690,731,676,684,692,403,454,700,570,532,482,676,580,557,481
Dubois-WY,651,612,449,228,382,399,491,898,872,903,771,890,924,641,936,581,927,1013,918,673,947,669,960,885,941,945,861,815,746,725,472,1026,1102,1037,1005,1159,918,1048,982,1050,874,1031,975,1159,1038,776,1040,769,713,929,354,359,371,360,357,369,349,472,451,302,334,364,578,574,629,467,538,624,361,475,587,521,959,1060,894,1120,1009,713,874,299,315,192,286,204,272,75,200,195,212,0,535,567,505,503,509,633,608,533,328,559,412,532,1062,727,626,667,456,464,472,174,227,480,325,287,351,552,353,590,237
JordanValley-OR,204,366,322,291,254,371,187,395,402,478,268,466,421,205,433,156,398,443,415,170,531,448,545,461,526,530,482,390,321,352,378,728,853,590,558,638,471,783,472,745,494,782,589,662,708,1013,1235,1002,1041,1210,418,424,461,428,433,456,383,421,653,554,498,566,536,943,763,699,1005,1090,828,825,781,757,897,935,921,1054,944,847,749,766,884,560,821,543,457,624,665,764,753,533,0,33,68,74,72,1006,1008,960,897,1026,962,998,1279,412,1092,1134,82,73,65,359,313,61,232,312,292,168,199,286,277
Rome-OR,171,333,315,323,287,365,220,363,370,407,235,395,388,172,401,189,365,410,382,138,564,481,521,390,558,563,515,423,354,384,372,696,820,557,525,605,438,750,440,712,461,749,556,629,676,1046,1268,1034,1073,1242,450,456,493,460,466,489,415,454,685,587,531,599,569,976,795,731,1037,1123,860,857,814,790,864,903,889,1021,911,879,717,798,917,593,854,575,489,657,697,797,786,566,33,0,100,107,105,1038,1041,993,930,1059,994,1031,1311,379,1125,1166,115,105,98,391,346,93,264,345,325,201,231,318,309
Adrian-OR,271,382,294,263,226,343,175,394,387,418,266,406,420,137,433,96,442,441,414,169,471,388,484,400,466,469,422,330,261,294,350,796,920,657,625,705,538,850,471,812,561,849,656,729,775,985,1207,974,1013,1181,390,396,433,400,405,428,355,363,625,526,470,538,478,915,735,671,977,1062,800,797,753,730,928,967,934,1085,975,818,780,738,856,532,794,514,429,596,637,736,725,505,68,100,0,13,4,978,980,932,869,998,933,971,1251,452,1064,1106,54,45,37,331,285,25,204,284,258,133,171,228,249
Nyssa-OR,277,395,291,260,223,340,187,391,378,409,264,397,417,133,430,87,433,439,412,167,463,379,476,392,456,461,413,321,252,282,348,802,926,663,631,711,544,856,469,818,567,855,662,735,781,982,1205,971,1010,1179,387,393,430,397,402,425,352,352,622,523,467,535,467,913,732,668,974,1060,797,794,751,727,925,964,932,1082,972,816,778,735,854,530,790,512,426,594,634,733,723,502,74,107,13,0,9,975,977,930,866,995,931,967,1248,464,1062,1103,51,42,35,328,282,25,201,281,246,122,168,217,246
Owyhee-OR,275,387,299,268,232,348,179,390,383,414,263,402,416,133,428,92,438,437,410,165,467,384,481,397,461,466,418,326,257,290,356,800,924,661,629,709,542,854,467,816,565,853,660,733,779,991,1213,979,1018,1187,395,402,438,405,410,434,361,359,630,532,476,543,474,921,741,676,982,1068,805,802,759,735,933,972,940,1090,980,824,786,743,862,538,798,520,435,602,642,742,731,511,72,104,4,9,0,984,985,938,875,1003,939,976,1256,456,1070,1111,60,51,43,336,291,29,209,290,254,130,176,224,254
Williston-ND,1129,1091,928,716,861,897,974,1236,1117,1148,1161,1136,1333,1113,1304,1052,1172,1258,1390,1146,1054,777,1068,1131,1049,1052,968,979,920,833,951,1545,1621,1516,1483,1564,1397,1567,1460,1569,1349,1551,1444,1587,1558,1128,1295,1121,1072,1184,868,874,887,878,872,885,833,580,416,457,541,507,564,914,1072,848,793,811,627,875,966,901,1375,1445,1310,1578,1426,1156,1393,589,340,687,353,702,787,584,580,465,421,632,1007,1039,977,975,981,0,132,169,481,651,490,624,1316,1160,772,824,928,936,944,655,706,952,823,784,735,850,832,731,733
Dickinson-ND,1132,1093,931,718,863,900,976,1317,1198,1229,1241,1217,1398,1116,1385,1055,1254,1339,1393,1148,1135,857,1149,1212,1129,1133,1049,1059,1001,914,942,1496,1572,1518,1486,1566,1400,1518,1463,1520,1344,1501,1446,1590,1509,1041,1208,1034,985,1097,825,829,842,830,827,839,819,661,448,459,544,517,667,827,971,802,706,703,540,788,921,856,1330,1400,1265,1491,1380,1111,1344,510,294,642,356,657,742,560,535,420,423,608,1009,1042,980,978,984,132,0,74,372,525,381,497,1229,1163,650,702,931,939,947,658,709,955,825,787,738,931,835,812,736
Bowman-ND,1084,1062,883,671,815,852,928,1269,1150,1181,1193,1169,1351,1068,1337,1007,1205,1291,1344,1100,1087,809,1100,1164,1082,1085,1001,1011,952,866,867,1421,1498,1470,1438,1555,1351,1444,1415,1446,1269,1427,1372,1555,1434,967,1134,960,910,1023,750,755,767,756,753,765,745,613,443,412,495,469,671,753,897,728,631,642,466,713,847,781,1256,1325,1190,1416,1306,1036,1270,435,219,567,321,582,667,486,460,345,375,533,961,993,932,930,936,169,74,0,312,487,321,459,1155,1123,603,655,882,890,899,610,661,907,777,739,689,882,787,764,687
Harrison-NE,921,857,720,556,745,715,855,1261,1235,1266,1134,1254,1276,1005,1300,944,1290,1376,1261,1037,1228,950,1241,1249,1222,1226,1141,1152,1093,1007,662,1216,1292,1307,1275,1350,1188,1239,1252,1241,1064,1221,1166,1350,1229,698,865,690,641,753,544,549,562,550,547,559,540,753,629,552,636,649,859,483,627,490,363,374,196,445,609,543,1018,1087,952,1147,1068,798,1064,185,189,362,282,377,463,280,254,135,350,328,898,931,869,867,872,481,369,312,0,236,85,209,886,918,353,405,819,827,836,502,584,843,653,615,678,915,717,905,564
Imperial-NE,1028,964,827,802,874,822,972,1390,1364,1395,1262,1383,1383,1133,1428,1072,1419,1505,1369,1165,1448,1159,1461,1377,1442,1446,1351,1306,1238,1216,770,1213,1289,1415,1382,1347,1295,1236,1359,1238,1171,1218,1163,1346,1226,608,746,600,551,603,652,657,669,658,654,667,647,963,838,762,846,859,1069,444,587,449,323,230,189,404,568,502,977,1061,912,1057,1023,758,1061,264,412,469,491,484,569,485,362,344,559,559,1026,1059,997,995,1001,651,524,484,235,0,170,28,768,1025,128,179,948,956,964,726,714,972,901,839,902,1044,845,1114,789
Alliance-NE,963,900,762,639,808,757,907,1325,1299,1330,1198,1318,1319,1068,1364,1007,1354,1440,1303,1100,1311,1034,1325,1313,1306,1310,1225,1241,1173,1090,705,1259,1334,1349,1317,1392,1231,1281,1294,1283,1107,1264,1209,1392,1272,645,812,638,589,701,587,592,604,593,590,602,582,837,712,636,720,733,943,479,625,488,359,325,194,443,607,541,1016,1085,951,1095,1061,797,1107,199,250,404,365,420,505,364,297,218,433,412,961,994,932,930,936,486,378,317,85,169,0,142,833,961,286,338,883,891,899,586,649,907,737,699,762,979,780,989,648
Grant-NE,1001,937,800,775,846,795,945,1362,1336,1367,1235,1356,1356,1106,1401,1045,1392,1477,1341,1138,1421,1132,1434,1350,1415,1419,1324,1279,1210,1188,742,1213,1288,1387,1355,1346,1268,1235,1332,1237,1144,1218,1162,1346,1225,610,777,602,553,630,625,630,642,630,627,640,620,936,811,735,818,831,1041,444,586,449,323,237,189,404,567,502,977,1046,912,1059,1025,757,1061,236,384,442,464,457,542,458,335,317,531,532,999,1031,970,968,974,624,497,457,208,28,143,0,798,998,154,205,920,928,937,699,687,944,874,812,875,1016,818,1087,761
ElPaso-TX,1216,1049,1042,1114,1108,1037,1187,1656,1617,1648,1516,1636,1491,1386,1587,1325,1672,1749,1478,1418,1701,1582,1714,1631,1695,1699,1652,1559,1490,1521,984,836,725,1141,1183,1020,1185,809,1346,913,995,788,921,1020,904,266,47,282,329,205,864,863,820,854,852,828,900,1386,1405,1329,1277,1345,1492,468,517,646,525,565,700,730,593,586,530,470,546,320,430,474,624,766,979,972,1058,987,938,988,864,911,1126,1062,1279,1312,1250,1248,1254,1316,1229,1155,885,767,834,797,0,992,640,632,1200,1208,1217,1075,1025,1225,1154,1150,1214,1297,1098,1456,1100
Tribune-NV,267,76,233,480,300,283,278,688,723,761,589,748,570,526,666,542,718,763,558,491,918,835,874,743,912,916,869,776,707,738,258,456,597,519,487,556,400,510,464,447,221,526,316,556,435,838,950,843,899,1036,379,374,379,386,394,386,413,817,863,702,708,776,923,812,631,567,917,1014,831,693,649,626,517,556,541,674,564,622,369,768,909,563,931,545,460,656,667,789,817,680,412,379,452,465,456,1156,1159,1127,921,1029,964,1002,992,0,1016,1057,417,425,425,506,460,441,429,502,565,513,353,672,466
SharonSprings-KS,1095,957,894,869,941,889,1039,1457,1431,1462,1329,1450,1451,1200,1495,1139,1486,1572,1436,1233,1515,1291,1528,1444,1510,1513,1466,1374,1305,1347,837,1215,1249,1482,1449,1349,1362,1238,1426,1239,1162,1221,1165,1349,1228,481,620,474,425,476,719,724,689,725,721,697,714,1095,970,893,977,990,1200,289,482,451,188,104,264,406,468,404,894,934,828,931,897,587,947,330,543,536,623,551,636,552,429,476,690,626,1093,1126,1064,1062,1068,769,650,600,351,128,286,154,641,1016,0,52,1015,1023,1031,793,781,1039,968,906,969,1111,912,1246,856
Loeti-KS,1136,998,935,911,982,931,1080,1498,1472,1503,1371,1491,1492,1241,1537,1180,1528,1613,1477,1274,1556,1333,1570,1486,1551,1554,1507,1415,1346,1388,878,1257,1251,1523,1490,1391,1404,1280,1467,1282,1203,1262,1206,1391,1270,482,611,476,426,468,761,765,730,766,763,738,755,1136,1011,934,1018,1032,1241,290,483,492,189,96,305,447,477,412,895,936,830,932,898,589,948,371,584,577,664,593,678,594,470,517,731,667,1134,1167,1105,1103,1110,820,702,651,402,179,338,205,632,1057,52,0,1056,1064,1072,834,822,1080,1009,947,1010,1152,954,1287,897
Boise-ID,286,348,244,213,176,293,140,446,420,451,319,439,472,190,485,129,476,561,466,222,504,421,518,434,499,503,455,363,294,295,300,811,958,672,640,720,553,865,523,827,576,888,671,744,790,935,1157,923,962,1131,340,346,382,350,355,378,305,364,575,476,420,488,479,866,685,621,926,1013,749,746,703,680,878,916,885,1035,925,769,731,687,807,482,743,464,379,546,587,686,676,455,83,115,54,52,58,928,930,882,819,948,884,920,1201,417,1015,1056,0,12,21,281,235,28,153,234,219,95,120,229,199
Meridian-ID,277,356,252,221,184,301,148,437,411,442,310,430,463,181,476,120,466,552,458,213,495,412,508,425,490,494,446,354,285,316,309,802,966,663,631,711,544,856,515,818,567,896,662,735,781,943,1165,931,971,1139,348,354,390,358,363,386,313,385,583,484,428,496,500,874,693,629,934,1021,757,754,712,688,886,925,893,1043,933,777,739,695,815,490,751,472,387,554,595,694,684,463,74,106,44,42,49,936,938,890,827,956,892,929,1209,425,1023,1064,12,0,12,289,243,19,162,242,220,96,128,250,207
Nampa-ID,267,364,260,229,192,309,156,429,403,434,302,422,454,172,467,111,458,543,449,204,487,404,500,417,481,485,438,345,276,307,317,792,916,653,621,701,535,846,506,808,557,845,652,725,771,952,1174,939,979,1147,356,363,399,366,371,395,321,377,591,492,436,504,491,882,702,637,943,1029,766,762,720,696,894,933,901,1051,941,785,747,703,823,499,759,481,395,563,603,703,692,471,64,97,36,34,40,944,946,898,835,964,900,937,1217,433,1031,1072,20,11,0,297,251,11,170,250,231,107,137,241,215
IdahoFalls-ID,476,437,274,68,207,243,317,723,697,728,595,716,749,466,762,405,752,838,743,499,781,510,794,711,776,779,701,640,571,566,297,891,967,862,830,910,743,913,807,915,695,897,790,933,904,810,1032,798,837,1006,214,221,258,224,230,253,179,313,359,197,205,272,419,740,560,495,705,791,528,621,578,554,825,925,759,985,875,643,739,466,489,259,467,280,254,249,365,369,399,174,359,392,330,328,334,652,654,606,502,726,585,699,1075,507,793,834,281,289,297,0,52,305,151,112,176,377,179,431,62
Pocatello-ID,430,391,228,92,161,181,270,677,651,682,549,669,703,420,715,359,706,792,697,453,735,560,748,664,730,733,686,594,525,555,235,841,917,816,784,864,697,864,761,866,649,847,792,887,854,760,982,748,787,956,164,171,207,174,180,203,130,363,410,248,255,323,469,690,510,446,693,779,516,571,528,505,775,875,710,936,825,594,690,454,571,248,518,230,204,311,353,451,450,227,313,346,284,282,288,702,705,657,584,714,649,687,1026,460,780,822,235,243,251,52,0,259,166,128,191,331,132,489,78
Caldwell-ID,265,372,268,236,200,317,164,420,394,425,293,413,446,164,459,103,449,535,440,195,478,395,492,408,472,477,429,337,268,299,324,790,913,651,619,699,532,844,497,806,554,843,650,723,769,959,1181,947,986,1155,363,370,407,373,379,402,328,368,599,500,444,512,483,889,709,644,951,1036,774,770,727,703,902,940,908,1059,949,792,754,711,830,506,767,488,403,570,610,710,699,479,62,94,25,25,29,951,954,906,843,972,907,944,1224,441,1038,1079,28,19,11,305,259,0,177,258,231,107,145,233,223
Ketchum-ID,399,360,197,107,130,246,207,595,569,600,468,588,621,339,634,278,625,710,615,371,653,478,667,583,648,652,605,512,443,405,254,836,912,784,753,833,666,858,672,844,618,841,713,856,833,889,1111,877,916,1085,293,300,336,303,309,332,258,317,469,367,315,382,431,819,639,574,880,966,703,700,657,633,831,870,838,989,879,722,684,641,640,436,638,418,333,399,540,520,569,325,232,264,203,200,207,822,825,777,653,902,736,874,1154,429,968,1009,153,161,170,151,166,177,0,128,147,205,96,340,93
Chilly-ID,471,432,269,69,202,318,279,676,650,681,549,669,702,420,715,358,705,791,696,451,734,430,748,664,728,732,622,593,524,433,326,966,1042,857,825,905,738,989,753,990,690,972,785,929,979,885,1107,873,912,1081,289,295,332,299,305,328,254,235,392,328,237,295,350,815,635,571,818,903,641,696,653,630,900,1000,835,1060,949,718,815,578,602,373,599,355,328,361,477,481,531,287,312,345,283,281,287,784,786,738,614,839,698,812,1151,502,905,946,234,242,250,113,127,258,128,0,65,233,169,364,55
May-ID,534,495,333,132,265,382,343,634,608,639,507,626,660,377,672,317,663,749,654,409,666,388,679,621,660,664,580,551,482,445,389,1029,1105,920,888,968,802,1052,711,1054,754,1035,849,992,1043,948,1170,936,975,1144,353,359,396,363,368,392,318,192,350,279,195,253,307,879,699,634,881,967,704,759,717,693,963,1064,898,1124,1013,782,878,642,651,436,550,418,392,425,541,545,482,350,290,323,258,246,254,735,737,689,677,902,761,875,1214,565,969,1010,218,220,231,176,191,230,147,65,0,230,232,322,118
Donnelly-ID,369,445,340,309,272,389,236,510,460,491,382,479,535,248,548,169,515,601,530,285,484,274,497,474,479,482,418,403,310,201,397,893,1055,755,723,803,636,948,587,910,659,984,754,827,873,1032,1254,1020,1059,1228,436,443,479,446,451,475,401,271,436,473,389,384,385,962,782,717,1023,1109,846,843,800,776,974,1013,981,1131,1021,865,827,784,845,579,744,561,476,643,683,783,676,551,166,199,133,122,130,851,931,883,916,1044,980,1017,1297,513,1111,1152,94,96,107,377,331,106,205,233,230,0,217,135,295
Buhl-ID,322,283,121,147,53,170,156,563,537,567,435,556,589,306,602,245,592,677,583,338,621,538,635,551,615,619,572,479,410,441,177,759,835,708,676,756,589,782,653,767,542,765,637,780,756,832,1054,820,859,1028,236,243,279,246,252,275,202,415,535,373,380,448,594,762,582,518,823,909,646,643,600,576,755,794,779,912,802,665,608,584,703,379,643,361,276,443,484,583,575,352,199,232,170,168,174,828,830,782,716,844,780,817,1098,353,911,952,120,128,137,177,132,145,96,169,232,217,0,376,133
Kamaih-ID,489,579,475,397,407,524,371,514,395,426,438,413,610,332,582,254,450,536,611,366,376,166,390,408,371,374,311,275,202,94,531,1014,1138,875,843,923,756,1068,668,1030,779,1067,874,947,993,1166,1388,1154,1193,1362,571,577,613,581,586,609,536,152,318,354,271,266,267,1097,916,852,1159,1244,992,977,934,911,1109,1147,1116,1266,1156,1000,962,918,726,713,626,695,610,721,818,772,558,623,286,318,228,217,224,732,813,764,905,1116,989,1089,1432,648,1246,1288,229,230,242,464,466,233,340,364,322,135,351,0,414
Butte-ID,435,397,234,17,166,268,244,641,615,646,513,633,667,384,679,323,670,756,661,416,699,480,712,628,693,697,649,558,489,519,291,916,992,821,789,869,703,938,718,940,655,921,751,893,928,835,1057,823,862,1031,239,245,282,249,254,277,204,284,379,277,225,292,439,765,584,520,767,853,590,646,603,579,849,950,784,1010,899,668,764,528,551,323,548,305,278,311,427,431,480,236,277,310,248,246,252,733,735,687,564,789,648,761,1100,466,855,896,199,207,215,62,77,223,93,55,118,295,133,414,0
